Workbook

Sheet Total employees
A1: EmployeeID | B1: Department | C1: JobTitle | D1: Email | E1: Gender | F1: HireDate | G1: TerminationDate | H1: Salary | I1: ManagerID | J1: PerformanceRating | K1: Status | L1: Column12
A2: JOG-1159 | B2: Research & Development | C2: Scientist | D2: employees.1159@jogate.com | E2: Null | F2: 43120 | H2: 403 | I2: JOG-1048 | J2: 2 | K2: Active | N2: HR Analysis Project Questions and Answers
A3: JOG-1033 | B3: IT Support | C3: Help Desk Specialist | D3: employees.1033@jogate.com | E3: Female | F3: 43130 | H3: 1785 | I3: JOG-1107 | J3: 4 | K3: Active
A4: JOG-1163 | B4: Logistics | C4: Logistics Coordinator | D4: employees.1163@jogate.com | E4: Female | F4: 43138 | G4: 44980 | H4: 551 | I4: JOG-1164 | J4: 3 | K4: Terminated
A5: JOG-1014 | B5: Finance | C5: Controller | D5: employees.1014@jogate.com | E5: Female | F5: 43162 | H5: 1150 | I5: JOG-1164 | J5: 2 | K5: Active
A6: JOG-1122 | B6: Quality Control | C6: Qc Inspector | D6: employees.1122@jogate.com | E6: Null | F6: 43171 | H6: 1528 | I6: JOG-1044 | J6: 5 | K6: Active | N6: What is the average salary? | O6: The employees average salary is: | P6: =AVERAGE(H2:H201) -> 1201.815
A7: JOG-1095 | B7: Marketing | C7: Marketing Manager | D7: employees.1095@jogate.com | E7: Female | F7: 43184 | G7: 44764 | H7: 1696 | J7: 5 | K7: Terminated
A8: JOG-1131 | B8: Human Resources | C8: Hr Coordinator | D8: employees.1131@jogate.com | E8: Female | F8: 43189 | H8: 338 | I8: JOG-1174 | J8: 3 | K8: Active
A9: JOG-1052 | B9: Research & Development | C9: Research Lead | D9: employees.1052@jogate.com | E9: Female | F9: 43200 | H9: 318 | I9: JOG-1136 | J9: 2 | K9: Active
A10: JOG-1182 | B10: Sales | C10: Regional Sales Manager | D10: employees.1182@jogate.com | E10: Female | F10: 43205 | H10: 1646 | J10: 2 | K10: Active
A11: JOG-1172 | B11: Production | C11: Operations Manager | D11: employees.1172@jogate.com | E11: Male | F11: 43229 | H11: 1440 | J11: 3 | K11: Active
A12: JOG-1192 | B12: Quality Control | C12: Qc Manager | D12: employees.1192@jogate.com | E12: Null | F12: 43229 | G12: 44618 | H12: 2082 | J12: 2 | K12: Terminated
A13: JOG-1130 | B13: Human Resources | C13: Hr Generalist | D13: employees.1130@jogate.com | E13: Null | F13: 43244 | H13: 1088 | I13: JOG-1064 | J13: 3 | K13: Active
A14: JOG-1155 | B14: Human Resources | C14: Recruiter | D14: employees.1155@jogate.com | E14: Null | F14: 43263 | H14: 1236 | I14: JOG-1198 | J14: 5 | K14: Active | N14: Status | O14: (All)
A15: JOG-1084 | B15: Logistics | C15: Warehouse Associate | D15: employees.1084@jogate.com | E15: Male | F15: 43280 | H15: 1554 | I15: JOG-1120 | J15: 4 | K15: Active
A16: JOG-1144 | B16: Production | C16: Operations Manager | D16: employees.1144@jogate.com | E16: Male | F16: 43289 | H16: 814 | J16: 5 | K16: Active | N16: Count of EmployeeID | O16: Column Labels
A17: JOG-1107 | B17: Quality Control | C17: Qc Manager | D17: =_xlfn.CONCAT("employees.", RIGHT('Total employees'!$A108, 4), "@jogate.com") -> employees.1022@jogate.com | E17: Male | F17: 43292 | G17: 44267 | H17: 1594 | J17: 2 | K17: Terminated | N17: Row Labels | O17: Female | P17: Male | Q17: Null | R17: Grand Total
A18: JOG-1123 | B18: Research & Development | C18: Scientist | D18: employees.1123@jogate.com | E18: Female | F18: 43308 | H18: 1591 | I18: JOG-1044 | J18: 5 | K18: Active | N18: Finance | O18: 3 | P18: 6 | Q18: 14 | R18: 23
A19: JOG-1156 | B19: Finance | C19: Accountant | D19: employees.1156@jogate.com | E19: Null | F19: 43323 | H19: 1899 | I19: JOG-1050 | J19: 2 | K19: Active | N19: Human Resources | O19: 10 | P19: 4 | Q19: 10 | R19: 24
A20: JOG-1174 | B20: Quality Control | C20: Qc Manager | D20: employees.1174@jogate.com | E20: Null | F20: 43336 | H20: 1529 | J20: 3 | K20: Active | N20: IT Support | O20: 6 | P20: 8 | Q20: 4 | R20: 18
A21: JOG-1073 | B21: Production | C21: Line Supervisor | D21: employees.1073@jogate.com | E21: Female | F21: 43337 | G21: 44278 | H21: 1593 | I21: JOG-1050 | J21: 3 | K21: Terminated | N21: Logistics | O21: 10 | P21: 8 | Q21: 6 | R21: 24
A22: JOG-1135 | B22: Quality Control | C22: Qc Manager | D22: employees.1135@jogate.com | E22: Male | F22: 43345 | H22: 1820 | J22: 4 | K22: Active | N22: Marketing | O22: 3 | P22: 7 | Q22: 7 | R22: 17
A23: JOG-1043 | B23: Research & Development | C23: Research Lead | D23: employees.1043@jogate.com | E23: Female | F23: 43349 | G23: 45081 | H23: 1802 | I23: JOG-1107 | J23: 5 | K23: Terminated | N23: Production | O23: 13 | P23: 7 | Q23: 6 | R23: 26
A24: JOG-1117 | B24: Finance | C24: Controller | D24: employees.1117@jogate.com | E24: Null | F24: 43349 | H24: 1009 | I24: JOG-1060 | J24: 2 | K24: Active | N24: Quality Control | O24: 8 | P24: 9 | Q24: 12 | R24: 29
A25: JOG-1024 | B25: IT Support | C25: Help Desk Specialist | D25: =_xlfn.CONCAT("employees.", RIGHT('Total employees'!$A25, 4), "@jogate.com") -> employees.1024@jogate.com | E25: Female | F25: 43353 | H25: 761 | I25: JOG-1120 | J25: 4 | K25: Active | N25: Research & Development | O25: 9 | P25: 4 | Q25: 6 | R25: 19
A26: JOG-1145 | B26: Sales | C26: Sales Associate | D26: employees.1145@jogate.com | E26: Male | F26: 43404 | H26: 994 | I26: JOG-1006 | J26: 5 | K26: Active | N26: Sales | O26: 9 | P26: 4 | Q26: 7 | R26: 20
A27: JOG-1092 | B27: Production | C27: Production Worker | D27: employees.1092@jogate.com | E27: Null | F27: 43414 | H27: 466 | I27: JOG-1060 | J27: 5 | K27: Active | N27: Grand Total | O27: 71 | P27: 57 | Q27: 72 | R27: 200
A28: JOG-1020 | B28: Finance | C28: Financial Analyst | D28: =_xlfn.CONCAT("employees.", RIGHT('Total employees'!$A21, 4), "@jogate.com") -> employees.1073@jogate.com | E28: Male | F28: 43455 | G28: 44930 | H28: 1814 | I28: JOG-1064 | J28: 2 | K28: Terminated
A29: JOG-1031 | B29: Finance | C29: Accountant | D29: employees.1031@jogate.com | E29: Null | F29: 43456 | H29: 454 | I29: JOG-1144 | J29: 4 | K29: Active
A30: JOG-1136 | B30: Marketing | C30: Marketing Manager | D30: employees.1136@jogate.com | E30: Female | F30: 43472 | H30: 1933 | J30: 4 | K30: Active
A31: JOG-1152 | B31: Research & Development | C31: Lab Technician | D31: employees.1152@jogate.com | E31: Null | F31: 43474 | H31: 946 | I31: JOG-1192 | J31: 4 | K31: Active
A32: JOG-1058 | B32: IT Support | C32: Help Desk Specialist | D32: =_xlfn.CONCAT("employees.", RIGHT('Total employees'!$A59, 4), "@jogate.com") -> employees.1028@jogate.com | E32: Null | F32: 43504 | H32: 2088 | I32: JOG-1044 | J32: 4 | K32: Active
A33: JOG-1048 | B33: Research & Development | C33: Research Lead | D33: employees.1048@jogate.com | E33: Null | F33: 43519 | H33: 1258 | I33: JOG-1030 | J33: 5 | K33: Active
A34: JOG-1030 | B34: Marketing | C34: Marketing Manager | D34: employees.1030@jogate.com | E34: Male | F34: 43530 | H34: 953 | J34: 5 | K34: Active
A35: JOG-1054 | B35: Logistics | C35: Warehouse Associate | D35: =_xlfn.CONCAT("employees.", RIGHT('Total employees'!$A55, 4), "@jogate.com") -> employees.1066@jogate.com | E35: Null | F35: 43531 | H35: 1632 | I35: JOG-1095 | J35: 3 | K35: Active
A36: JOG-1093 | B36: Human Resources | C36: Hr Generalist | D36: employees.1093@jogate.com | E36: Male | F36: 43534 | G36: 44606 | H36: 1750 | I36: JOG-1095 | J36: 4 | K36: Terminated
A37: JOG-1134 | B37: Logistics | C37: Logistics Coordinator | D37: employees.1134@jogate.com | E37: Male | F37: 43545 | H37: 1986 | I37: JOG-1165 | J37: 5 | K37: Active
A38: JOG-1147 | B38: Quality Control | C38: Qc Inspector | D38: employees.1147@jogate.com | E38: Male | F38: 43553 | H38: 1250 | I38: JOG-1094 | J38: 2 | K38: Active
A39: JOG-1099 | B39: Production | C39: Operations Manager | D39: employees.1099@jogate.com | E39: Male | F39: 43560 | H39: 1039 | J39: 3 | K39: Active
A40: JOG-1140 | B40: Production | C40: Operations Manager | D40: employees.1140@jogate.com | E40: Null | F40: 43560 | H40: 448 | J40: 4 | K40: Active
A41: JOG-1116 | B41: Finance | C41: Financial Analyst | D41: employees.1116@jogate.com | E41: Male | F41: 43566 | H41: 463 | I41: JOG-1043 | J41: 3 | K41: Active
A42: JOG-1138 | B42: Quality Control | C42: Qc Inspector | D42: employees.1138@jogate.com | E42: Null | F42: 43579 | H42: 802 | I42: JOG-1040 | J42: 2 | K42: Active
A43: JOG-1186 | B43: Production | C43: Line Supervisor | D43: employees.1186@jogate.com | E43: Female | F43: 43594 | H43: 1461 | I43: JOG-1008 | J43: 3 | K43: Active
A44: JOG-1169 | B44: Logistics | C44: Warehouse Associate | D44: employees.1169@jogate.com | E44: Male | F44: 43601 | H44: 1953 | I44: JOG-1091 | J44: 3 | K44: Active
A45: JOG-1038 | B45: Quality Control | C45: Qc Manager | D45: =_xlfn.CONCAT("employees.", RIGHT('Total employees'!$A39, 4), "@jogate.com") -> employees.1099@jogate.com | E45: Female | F45: 43620 | H45: 1755 | J45: 5 | K45: Active
A46: JOG-1101 | B46: Marketing | C46: Digital Marketer | D46: =_xlfn.CONCAT("employees.", RIGHT('Total employees'!$A102, 4), "@jogate.com") -> employees.1074@jogate.com | E46: Null | F46: 43633 | H46: 348 | I46: JOG-1144 | J46: 3 | K46: Active
A47: JOG-1126 | B47: Marketing | C47: Marketing Coordinator | D47: employees.1126@jogate.com | E47: Null | F47: 43663 | H47: 779 | I47: JOG-1019 | J47: 2 | K47: Active
A48: JOG-1113 | B48: Production | C48: Production Worker | D48: =_xlfn.CONCAT("employees.", RIGHT('Total employees'!$A114, 4), "@jogate.com") -> employees.1168@jogate.com | E48: Male | F48: 43664 | H48: 620 | I48: JOG-1174 | J48: 5 | K48: Active
A49: JOG-1167 | B49: Human Resources | C49: Hr Coordinator | D49: employees.1167@jogate.com | E49: Male | F49: 43667 | H49: 1900 | I49: JOG-1052 | J49: 5 | K49: Active
A50: JOG-1166 | B50: Sales | C50: Sales Associate | D50: employees.1166@jogate.com | E50: Null | F50: 43734 | H50: 2049 | I50: JOG-1173 | J50: 5 | K50: Active
A51: JOG-1173 | B51: Quality Control | C51: Qc Manager | D51: employees.1173@jogate.com | E51: Female | F51: 43744 | H51: 1885 | J51: 4 | K51: Active
A52: JOG-1137 | B52: Marketing | C52: Digital Marketer | D52: employees.1137@jogate.com | E52: Null | F52: 43754 | G52: 45258 | H52: 1769 | I52: JOG-1187 | J52: 5 | K52: Terminated
A53: JOG-1039 | B53: Finance | C53: Accountant | D53: employees.1039@jogate.com | E53: Null | F53: 43779 | H53: 1859 | I53: JOG-1088 | J53: 3 | K53: Active
A54: JOG-1199 | B54: Logistics | C54: Warehouse Associate | D54: employees.1199@jogate.com | E54: Null | F54: 43787 | H54: 1163 | I54: JOG-1140 | J54: 2 | K54: Active
A55: JOG-1066 | B55: Finance | C55: Financial Analyst | D55: employees.1066@jogate.com | E55: Null | F55: 43817 | G55: 44765 | H55: 1573 | I55: JOG-1048 | J55: 3 | K55: Terminated
A56: JOG-1088 | B56: Production | C56: Operations Manager | D56: employees.1088@jogate.com | E56: Female | F56: 43833 | G56: 44836 | H56: 425 | J56: 4 | K56: Terminated
A57: JOG-1158 | B57: IT Support | C57: It Technician | D57: employees.1158@jogate.com | E57: Null | F57: 43839 | H57: 544 | I57: JOG-1103 | J57: 4 | K57: Active
A58: JOG-1178 | B58: Quality Control | C58: Qc Manager | D58: employees.1178@jogate.com | E58: Null | F58: 43841 | H58: 1476 | J58: 4 | K58: Active
A59: JOG-1028 | B59: Logistics | C59: Logistics Coordinator | D59: =_xlfn.CONCAT("employees.", RIGHT('Total employees'!$A29, 4), "@jogate.com") -> employees.1031@jogate.com | E59: Male | F59: 43890 | H59: 637 | I59: JOG-1082 | J59: 2 | K59: Active
A60: JOG-1112 | B60: Production | C60: Line Supervisor | D60: =_xlfn.CONCAT("employees.", RIGHT('Total employees'!$A113, 4), "@jogate.com") -> employees.1003@jogate.com | E60: Null | F60: 43895 | H60: 923 | I60: JOG-1136 | J60: 3 | K60: Active
A61: JOG-1089 | B61: Logistics | C61: Warehouse Associate | D61: employees.1089@jogate.com | E61: Null | F61: 43899 | G61: 44681 | H61: 1591 | I61: JOG-1164 | J61: 5 | K61: Terminated
A62: JOG-1017 | B62: Quality Control | C62: Qc Inspector | D62: =_xlfn.CONCAT("employees.", RIGHT('Total employees'!$A18, 4), "@jogate.com") -> employees.1123@jogate.com | E62: Male | F62: 43911 | H62: 2045 | I62: JOG-1008 | J62: 4 | K62: Active
A63: JOG-1046 | B63: Human Resources | C63: Hr Generalist | D63: employees.1046@jogate.com | E63: Null | F63: 43925 | H63: 530 | I63: JOG-1043 | J63: 5 | K63: Active
A64: JOG-1189 | B64: Production | C64: Line Supervisor | D64: employees.1189@jogate.com | E64: Female | F64: 43934 | G64: 44550 | H64: 1204 | I64: JOG-1030 | J64: 4 | K64: Terminated
A65: JOG-1007 | B65: IT Support | C65: It Manager | D65: =_xlfn.CONCAT("employees.", RIGHT('Total employees'!$A8, 4), "@jogate.com") -> employees.1131@jogate.com | E65: Null | F65: 43935 | H65: 861 | J65: 4 | K65: Active
A66: JOG-1078 | B66: Logistics | C66: Warehouse Associate | D66: =_xlfn.CONCAT("employees.", RIGHT('Total employees'!$A79, 4), "@jogate.com") -> employees.1193@jogate.com | E66: Male | F66: 43935 | H66: 563 | I66: JOG-1008 | J66: 3 | K66: Active
A67: JOG-1082 | B67: Quality Control | C67: Qc Manager | D67: employees.1082@jogate.com | E67: Null | F67: 43944 | H67: 1563 | J67: 3 | K67: Active
A68: JOG-1150 | B68: Sales | C68: Regional Sales Manager | D68: employees.1150@jogate.com | E68: Null | F68: 43963 | H68: 1928 | J68: 2 | K68: Active
A69: JOG-1164 | B69: Research & Development | C69: Research Lead | D69: employees.1164@jogate.com | E69: Null | F69: 43969 | G69: 45558 | H69: 697 | I69: JOG-1007 | J69: 4 | K69: Terminated
A70: JOG-1079 | B70: Marketing | C70: Marketing Coordinator | D70: employees.1079@jogate.com | E70: Male | F70: 44015 | H70: 541 | I70: JOG-1094 | J70: 5 | K70: Active
A71: JOG-1047 | B71: Marketing | C71: Digital Marketer | D71: employees.1047@jogate.com | E71: Male | F71: 44043 | H71: 1791 | I71: JOG-1174 | J71: 2 | K71: Active
A72: JOG-1149 | B72: Human Resources | C72: Hr Coordinator | D72: employees.1149@jogate.com | E72: Male | F72: 44049 | H72: 1245 | I72: JOG-1082 | J72: 4 | K72: Active
A73: JOG-1162 | B73: Logistics | C73: Warehouse Associate | D73: employees.1162@jogate.com | E73: Male | F73: 44075 | H73: 1392 | I73: JOG-1104 | J73: 5 | K73: Active
A74: JOG-1009 | B74: Production | C74: Line Supervisor | D74: employees.1009@jogate.com | E74: Female | F74: 44081 | H74: 723 | I74: JOG-1074 | J74: 3 | K74: Active
A75: JOG-1170 | B75: Sales | C75: Sales Associate | D75: employees.1170@jogate.com | E75: Null | F75: 44139 | H75: 1483 | I75: JOG-1120 | J75: 4 | K75: Active
A76: JOG-1165 | B76: Sales | C76: Account Manager | D76: employees.1165@jogate.com | E76: Female | F76: 44149 | H76: 666 | J76: 4 | K76: Active
A77: JOG-1005 | B77: Human Resources | C77: Hr Generalist | D77: =_xlfn.CONCAT("employees.", RIGHT('Total employees'!$A6, 4), "@jogate.com") -> employees.1122@jogate.com | E77: Null | F77: 44155 | G77: 45318 | H77: 1704 | I77: JOG-1043 | J77: 5 | K77: Terminated
A78: JOG-1011 | B78: Logistics | C78: Warehouse Associate | D78: employees.1011@jogate.com | E78: Null | F78: 44180 | G78: 46048 | H78: 2011 | I78: JOG-1019 | J78: 2 | K78: Terminated
A79: JOG-1193 | B79: Logistics | C79: Logistics Coordinator | D79: employees.1193@jogate.com | E79: Female | F79: 44190 | H79: 1279 | I79: JOG-1136 | J79: 5 | K79: Active
A80: JOG-1077 | B80: Logistics | C80: Warehouse Associate | D80: =_xlfn.CONCAT("employees.", RIGHT('Total employees'!$A78, 4), "@jogate.com") -> employees.1011@jogate.com | E80: Female | F80: 44197 | H80: 1664 | I80: JOG-1174 | J80: 5 | K80: Active
A81: JOG-1062 | B81: Finance | C81: Controller | D81: employees.1062@jogate.com | E81: Null | F81: 44238 | H81: 1832 | I81: JOG-1050 | J81: 4 | K81: Active
A82: JOG-1153 | B82: Finance | C82: Financial Analyst | D82: employees.1153@jogate.com | E82: Male | F82: 44253 | H82: 1396 | I82: JOG-1088 | J82: 3 | K82: Active
A83: JOG-1160 | B83: Production | C83: Operations Manager | D83: employees.1160@jogate.com | E83: Male | F83: 44260 | H83: 2010 | J83: 3 | K83: Active
A84: JOG-1109 | B84: Finance | C84: Controller | D84: =_xlfn.CONCAT("employees.", RIGHT('Total employees'!$A110, 4), "@jogate.com") -> employees.1045@jogate.com | E84: Null | F84: 44263 | H84: 717 | I84: JOG-1135 | J84: 3 | K84: Active
A85: JOG-1083 | B85: Human Resources | C85: Hr Generalist | D85: employees.1083@jogate.com | E85: Female | F85: 44274 | G85: 44594 | H85: 1065 | I85: JOG-1171 | J85: 4 | K85: Terminated
A86: JOG-1154 | B86: Quality Control | C86: Qc Inspector | D86: employees.1154@jogate.com | E86: Null | F86: 44275 | H86: 434 | I86: JOG-1097 | J86: 4 | K86: Active
A87: JOG-1016 | B87: Human Resources | C87: Hr Generalist | D87: =_xlfn.CONCAT("employees.", RIGHT('Total employees'!$A17, 4), "@jogate.com") -> employees.1107@jogate.com | E87: Male | F87: 44282 | H87: 795 | I87: JOG-1043 | J87: 3 | K87: Active
A88: JOG-1041 | B88: Marketing | C88: Marketing Coordinator | D88: employees.1041@jogate.com | E88: Null | F88: 44285 | H88: 887 | I88: JOG-1148 | J88: 4 | K88: Active
A89: JOG-1114 | B89: IT Support | C89: It Manager | D89: employees.1114@jogate.com | E89: Male | F89: 44289 | H89: 1552 | J89: 3 | K89: Active
A90: JOG-1141 | B90: Production | C90: Production Worker | D90: employees.1141@jogate.com | E90: Male | F90: 44323 | H90: 1556 | I90: JOG-1044 | J90: 2 | K90: Active
A91: JOG-1142 | B91: Marketing | C91: Digital Marketer | D91: employees.1142@jogate.com | E91: Male | F91: 44327 | H91: 432 | I91: JOG-1052 | J91: 5 | K91: Active
A92: JOG-1176 | B92: Sales | C92: Account Manager | D92: employees.1176@jogate.com | E92: Female | F92: 44335 | G92: 44736 | H92: 602 | J92: 5 | K92: Terminated
A93: JOG-1177 | B93: Production | C93: Production Worker | D93: employees.1177@jogate.com | E93: Female | F93: 44337 | H93: 800 | I93: JOG-1108 | J93: 3 | K93: Active
A94: JOG-1068 | B94: Sales | C94: Regional Sales Manager | D94: employees.1068@jogate.com | E94: Null | F94: 44339 | H94: 976 | J94: 5 | K94: Active
A95: JOG-1196 | B95: Production | C95: Production Worker | D95: employees.1196@jogate.com | E95: Null | F95: 44359 | H95: 1709 | I95: JOG-1044 | J95: 5 | K95: Active
A96: JOG-1148 | B96: Sales | C96: Regional Sales Manager | D96: employees.1148@jogate.com | E96: Female | F96: 44388 | H96: 639 | J96: 5 | K96: Active
A97: JOG-1067 | B97: Sales | C97: Sales Associate | D97: employees.1067@jogate.com | E97: Female | F97: 44395 | H97: 1319 | I97: JOG-1187 | J97: 2 | K97: Active
A98: JOG-1111 | B98: Logistics | C98: Logistics Coordinator | D98: =_xlfn.CONCAT("employees.", RIGHT('Total employees'!$A112, 4), "@jogate.com") -> employees.1023@jogate.com | E98: Female | F98: 44437 | H98: 1222 | I98: JOG-1074 | J98: 2 | K98: Active
A99: JOG-1171 | B99: Sales | C99: Account Manager | D99: employees.1171@jogate.com | E99: Male | F99: 44444 | H99: 323 | J99: 5 | K99: Active
A100: JOG-1139 | B100: IT Support | C100: Help Desk Specialist | D100: employees.1139@jogate.com | E100: Male | F100: 44447 | H100: 1186 | I100: JOG-1103 | J100: 5 | K100: Active
...

Sheet Average salary
A1: EmployeeID | B1: Department | C1: JobTitle | D1: Email | E1: Gender | F1: HireDate | G1: TerminationDate | H1: Salary | I1: ManagerID | J1: PerformanceRating | K1: Status | L1: Column12
A2: JOG-1159 | B2: Research & Development | C2: Scientist | D2: employees.1159@jogate.com | E2: Null | F2: 43120 | H2: 403 | I2: JOG-1048 | J2: 2 | K2: Active | N2: HR Analysis Project Questions and Answers
A3: JOG-1033 | B3: IT Support | C3: Help Desk Specialist | D3: employees.1033@jogate.com | E3: Female | F3: 43130 | H3: 1785 | I3: JOG-1107 | J3: 4 | K3: Active
A4: JOG-1163 | B4: Logistics | C4: Logistics Coordinator | D4: employees.1163@jogate.com | E4: Female | F4: 43138 | G4: 44980 | H4: 551 | I4: JOG-1164 | J4: 3 | K4: Terminated
A5: JOG-1014 | B5: Finance | C5: Controller | D5: employees.1014@jogate.com | E5: Female | F5: 43162 | H5: 1150 | I5: JOG-1164 | J5: 2 | K5: Active
A6: JOG-1122 | B6: Quality Control | C6: Qc Inspector | D6: employees.1122@jogate.com | E6: Null | F6: 43171 | H6: 1528 | I6: JOG-1044 | J6: 5 | K6: Active | N6: What is the average salary? | O6: The employees average salary is: | P6: =AVERAGE(H2:H201) -> 1201.815
A7: JOG-1095 | B7: Marketing | C7: Marketing Manager | D7: employees.1095@jogate.com | E7: Female | F7: 43184 | G7: 44764 | H7: 1696 | J7: 5 | K7: Terminated
A8: JOG-1131 | B8: Human Resources | C8: Hr Coordinator | D8: employees.1131@jogate.com | E8: Female | F8: 43189 | H8: 338 | I8: JOG-1174 | J8: 3 | K8: Active
A9: JOG-1052 | B9: Research & Development | C9: Research Lead | D9: employees.1052@jogate.com | E9: Female | F9: 43200 | H9: 318 | I9: JOG-1136 | J9: 2 | K9: Active
A10: JOG-1182 | B10: Sales | C10: Regional Sales Manager | D10: employees.1182@jogate.com | E10: Female | F10: 43205 | H10: 1646 | J10: 2 | K10: Active
A11: JOG-1172 | B11: Production | C11: Operations Manager | D11: employees.1172@jogate.com | E11: Male | F11: 43229 | H11: 1440 | J11: 3 | K11: Active
A12: JOG-1192 | B12: Quality Control | C12: Qc Manager | D12: employees.1192@jogate.com | E12: Null | F12: 43229 | G12: 44618 | H12: 2082 | J12: 2 | K12: Terminated
A13: JOG-1130 | B13: Human Resources | C13: Hr Generalist | D13: employees.1130@jogate.com | E13: Null | F13: 43244 | H13: 1088 | I13: JOG-1064 | J13: 3 | K13: Active
A14: JOG-1155 | B14: Human Resources | C14: Recruiter | D14: employees.1155@jogate.com | E14: Null | F14: 43263 | H14: 1236 | I14: JOG-1198 | J14: 5 | K14: Active
A15: JOG-1084 | B15: Logistics | C15: Warehouse Associate | D15: employees.1084@jogate.com | E15: Male | F15: 43280 | H15: 1554 | I15: JOG-1120 | J15: 4 | K15: Active
A16: JOG-1144 | B16: Production | C16: Operations Manager | D16: employees.1144@jogate.com | E16: Male | F16: 43289 | H16: 814 | J16: 5 | K16: Active | N16: Row Labels | O16: Average of Salary
A17: JOG-1107 | B17: Quality Control | C17: Qc Manager | D17: =_xlfn.CONCAT("employees.", RIGHT('Average salary'!$A108, 4), "@jogate.com") -> employees.1022@jogate.com | E17: Male | F17: 43292 | G17: 44267 | H17: 1594 | J17: 2 | K17: Terminated | N17: Quality Control | O17: 1375.8966
A18: JOG-1123 | B18: Research & Development | C18: Scientist | D18: employees.1123@jogate.com | E18: Female | F18: 43308 | H18: 1591 | I18: JOG-1044 | J18: 5 | K18: Active | N18: Logistics | O18: 1365.25
A19: JOG-1156 | B19: Finance | C19: Accountant | D19: employees.1156@jogate.com | E19: Null | F19: 43323 | H19: 1899 | I19: JOG-1050 | J19: 2 | K19: Active | N19: Finance | O19: 1344.6957
A20: JOG-1174 | B20: Quality Control | C20: Qc Manager | D20: employees.1174@jogate.com | E20: Null | F20: 43336 | H20: 1529 | J20: 3 | K20: Active | N20: IT Support | O20: 1289
A21: JOG-1073 | B21: Production | C21: Line Supervisor | D21: employees.1073@jogate.com | E21: Female | F21: 43337 | G21: 44278 | H21: 1593 | I21: JOG-1050 | J21: 3 | K21: Terminated | N21: Human Resources | O21: 1087.75
A22: JOG-1135 | B22: Quality Control | C22: Qc Manager | D22: employees.1135@jogate.com | E22: Male | F22: 43345 | H22: 1820 | J22: 4 | K22: Active | N22: Production | O22: 1069.3462
A23: JOG-1043 | B23: Research & Development | C23: Research Lead | D23: employees.1043@jogate.com | E23: Female | F23: 43349 | G23: 45081 | H23: 1802 | I23: JOG-1107 | J23: 5 | K23: Terminated | N23: Sales | O23: 1068.25
A24: JOG-1117 | B24: Finance | C24: Controller | D24: employees.1117@jogate.com | E24: Null | F24: 43349 | H24: 1009 | I24: JOG-1060 | J24: 2 | K24: Active | N24: Marketing | O24: 1065.4118
A25: JOG-1024 | B25: IT Support | C25: Help Desk Specialist | D25: =_xlfn.CONCAT("employees.", RIGHT('Average salary'!$A25, 4), "@jogate.com") -> employees.1024@jogate.com | E25: Female | F25: 43353 | H25: 761 | I25: JOG-1120 | J25: 4 | K25: Active | N25: Research & Development | O25: 1062.1053
A26: JOG-1145 | B26: Sales | C26: Sales Associate | D26: employees.1145@jogate.com | E26: Male | F26: 43404 | H26: 994 | I26: JOG-1006 | J26: 5 | K26: Active | N26: Grand Total | O26: 1201.815
A27: JOG-1092 | B27: Production | C27: Production Worker | D27: employees.1092@jogate.com | E27: Null | F27: 43414 | H27: 466 | I27: JOG-1060 | J27: 5 | K27: Active
A28: JOG-1020 | B28: Finance | C28: Financial Analyst | D28: =_xlfn.CONCAT("employees.", RIGHT('Average salary'!$A21, 4), "@jogate.com") -> employees.1073@jogate.com | E28: Male | F28: 43455 | G28: 44930 | H28: 1814 | I28: JOG-1064 | J28: 2 | K28: Terminated
A29: JOG-1031 | B29: Finance | C29: Accountant | D29: employees.1031@jogate.com | E29: Null | F29: 43456 | H29: 454 | I29: JOG-1144 | J29: 4 | K29: Active
A30: JOG-1136 | B30: Marketing | C30: Marketing Manager | D30: employees.1136@jogate.com | E30: Female | F30: 43472 | H30: 1933 | J30: 4 | K30: Active
A31: JOG-1152 | B31: Research & Development | C31: Lab Technician | D31: employees.1152@jogate.com | E31: Null | F31: 43474 | H31: 946 | I31: JOG-1192 | J31: 4 | K31: Active
A32: JOG-1058 | B32: IT Support | C32: Help Desk Specialist | D32: =_xlfn.CONCAT("employees.", RIGHT('Average salary'!$A59, 4), "@jogate.com") -> employees.1028@jogate.com | E32: Null | F32: 43504 | H32: 2088 | I32: JOG-1044 | J32: 4 | K32: Active
A33: JOG-1048 | B33: Research & Development | C33: Research Lead | D33: employees.1048@jogate.com | E33: Null | F33: 43519 | H33: 1258 | I33: JOG-1030 | J33: 5 | K33: Active
A34: JOG-1030 | B34: Marketing | C34: Marketing Manager | D34: employees.1030@jogate.com | E34: Male | F34: 43530 | H34: 953 | J34: 5 | K34: Active
A35: JOG-1054 | B35: Logistics | C35: Warehouse Associate | D35: =_xlfn.CONCAT("employees.", RIGHT('Average salary'!$A55, 4), "@jogate.com") -> employees.1066@jogate.com | E35: Null | F35: 43531 | H35: 1632 | I35: JOG-1095 | J35: 3 | K35: Active
A36: JOG-1093 | B36: Human Resources | C36: Hr Generalist | D36: employees.1093@jogate.com | E36: Male | F36: 43534 | G36: 44606 | H36: 1750 | I36: JOG-1095 | J36: 4 | K36: Terminated
A37: JOG-1134 | B37: Logistics | C37: Logistics Coordinator | D37: employees.1134@jogate.com | E37: Male | F37: 43545 | H37: 1986 | I37: JOG-1165 | J37: 5 | K37: Active
A38: JOG-1147 | B38: Quality Control | C38: Qc Inspector | D38: employees.1147@jogate.com | E38: Male | F38: 43553 | H38: 1250 | I38: JOG-1094 | J38: 2 | K38: Active
A39: JOG-1099 | B39: Production | C39: Operations Manager | D39: employees.1099@jogate.com | E39: Male | F39: 43560 | H39: 1039 | J39: 3 | K39: Active
A40: JOG-1140 | B40: Production | C40: Operations Manager | D40: employees.1140@jogate.com | E40: Null | F40: 43560 | H40: 448 | J40: 4 | K40: Active
A41: JOG-1116 | B41: Finance | C41: Financial Analyst | D41: employees.1116@jogate.com | E41: Male | F41: 43566 | H41: 463 | I41: JOG-1043 | J41: 3 | K41: Active
A42: JOG-1138 | B42: Quality Control | C42: Qc Inspector | D42: employees.1138@jogate.com | E42: Null | F42: 43579 | H42: 802 | I42: JOG-1040 | J42: 2 | K42: Active
A43: JOG-1186 | B43: Production | C43: Line Supervisor | D43: employees.1186@jogate.com | E43: Female | F43: 43594 | H43: 1461 | I43: JOG-1008 | J43: 3 | K43: Active
A44: JOG-1169 | B44: Logistics | C44: Warehouse Associate | D44: employees.1169@jogate.com | E44: Male | F44: 43601 | H44: 1953 | I44: JOG-1091 | J44: 3 | K44: Active
A45: JOG-1038 | B45: Quality Control | C45: Qc Manager | D45: =_xlfn.CONCAT("employees.", RIGHT('Average salary'!$A39, 4), "@jogate.com") -> employees.1099@jogate.com | E45: Female | F45: 43620 | H45: 1755 | J45: 5 | K45: Active
A46: JOG-1101 | B46: Marketing | C46: Digital Marketer | D46: =_xlfn.CONCAT("employees.", RIGHT('Average salary'!$A102, 4), "@jogate.com") -> employees.1074@jogate.com | E46: Null | F46: 43633 | H46: 348 | I46: JOG-1144 | J46: 3 | K46: Active
A47: JOG-1126 | B47: Marketing | C47: Marketing Coordinator | D47: employees.1126@jogate.com | E47: Null | F47: 43663 | H47: 779 | I47: JOG-1019 | J47: 2 | K47: Active
A48: JOG-1113 | B48: Production | C48: Production Worker | D48: =_xlfn.CONCAT("employees.", RIGHT('Average salary'!$A114, 4), "@jogate.com") -> employees.1168@jogate.com | E48: Male | F48: 43664 | H48: 620 | I48: JOG-1174 | J48: 5 | K48: Active
A49: JOG-1167 | B49: Human Resources | C49: Hr Coordinator | D49: employees.1167@jogate.com | E49: Male | F49: 43667 | H49: 1900 | I49: JOG-1052 | J49: 5 | K49: Active
A50: JOG-1166 | B50: Sales | C50: Sales Associate | D50: employees.1166@jogate.com | E50: Null | F50: 43734 | H50: 2049 | I50: JOG-1173 | J50: 5 | K50: Active
A51: JOG-1173 | B51: Quality Control | C51: Qc Manager | D51: employees.1173@jogate.com | E51: Female | F51: 43744 | H51: 1885 | J51: 4 | K51: Active
A52: JOG-1137 | B52: Marketing | C52: Digital Marketer | D52: employees.1137@jogate.com | E52: Null | F52: 43754 | G52: 45258 | H52: 1769 | I52: JOG-1187 | J52: 5 | K52: Terminated
A53: JOG-1039 | B53: Finance | C53: Accountant | D53: employees.1039@jogate.com | E53: Null | F53: 43779 | H53: 1859 | I53: JOG-1088 | J53: 3 | K53: Active
A54: JOG-1199 | B54: Logistics | C54: Warehouse Associate | D54: employees.1199@jogate.com | E54: Null | F54: 43787 | H54: 1163 | I54: JOG-1140 | J54: 2 | K54: Active
A55: JOG-1066 | B55: Finance | C55: Financial Analyst | D55: employees.1066@jogate.com | E55: Null | F55: 43817 | G55: 44765 | H55: 1573 | I55: JOG-1048 | J55: 3 | K55: Terminated
A56: JOG-1088 | B56: Production | C56: Operations Manager | D56: employees.1088@jogate.com | E56: Female | F56: 43833 | G56: 44836 | H56: 425 | J56: 4 | K56: Terminated
A57: JOG-1158 | B57: IT Support | C57: It Technician | D57: employees.1158@jogate.com | E57: Null | F57: 43839 | H57: 544 | I57: JOG-1103 | J57: 4 | K57: Active
A58: JOG-1178 | B58: Quality Control | C58: Qc Manager | D58: employees.1178@jogate.com | E58: Null | F58: 43841 | H58: 1476 | J58: 4 | K58: Active
A59: JOG-1028 | B59: Logistics | C59: Logistics Coordinator | D59: =_xlfn.CONCAT("employees.", RIGHT('Average salary'!$A29, 4), "@jogate.com") -> employees.1031@jogate.com | E59: Male | F59: 43890 | H59: 637 | I59: JOG-1082 | J59: 2 | K59: Active
A60: JOG-1112 | B60: Production | C60: Line Supervisor | D60: =_xlfn.CONCAT("employees.", RIGHT('Average salary'!$A113, 4), "@jogate.com") -> employees.1003@jogate.com | E60: Null | F60: 43895 | H60: 923 | I60: JOG-1136 | J60: 3 | K60: Active
A61: JOG-1089 | B61: Logistics | C61: Warehouse Associate | D61: employees.1089@jogate.com | E61: Null | F61: 43899 | G61: 44681 | H61: 1591 | I61: JOG-1164 | J61: 5 | K61: Terminated
A62: JOG-1017 | B62: Quality Control | C62: Qc Inspector | D62: =_xlfn.CONCAT("employees.", RIGHT('Average salary'!$A18, 4), "@jogate.com") -> employees.1123@jogate.com | E62: Male | F62: 43911 | H62: 2045 | I62: JOG-1008 | J62: 4 | K62: Active
A63: JOG-1046 | B63: Human Resources | C63: Hr Generalist | D63: employees.1046@jogate.com | E63: Null | F63: 43925 | H63: 530 | I63: JOG-1043 | J63: 5 | K63: Active
A64: JOG-1189 | B64: Production | C64: Line Supervisor | D64: employees.1189@jogate.com | E64: Female | F64: 43934 | G64: 44550 | H64: 1204 | I64: JOG-1030 | J64: 4 | K64: Terminated
A65: JOG-1007 | B65: IT Support | C65: It Manager | D65: =_xlfn.CONCAT("employees.", RIGHT('Average salary'!$A8, 4), "@jogate.com") -> employees.1131@jogate.com | E65: Null | F65: 43935 | H65: 861 | J65: 4 | K65: Active
A66: JOG-1078 | B66: Logistics | C66: Warehouse Associate | D66: =_xlfn.CONCAT("employees.", RIGHT('Average salary'!$A79, 4), "@jogate.com") -> employees.1193@jogate.com | E66: Male | F66: 43935 | H66: 563 | I66: JOG-1008 | J66: 3 | K66: Active
A67: JOG-1082 | B67: Quality Control | C67: Qc Manager | D67: employees.1082@jogate.com | E67: Null | F67: 43944 | H67: 1563 | J67: 3 | K67: Active
A68: JOG-1150 | B68: Sales | C68: Regional Sales Manager | D68: employees.1150@jogate.com | E68: Null | F68: 43963 | H68: 1928 | J68: 2 | K68: Active
A69: JOG-1164 | B69: Research & Development | C69: Research Lead | D69: employees.1164@jogate.com | E69: Null | F69: 43969 | G69: 45558 | H69: 697 | I69: JOG-1007 | J69: 4 | K69: Terminated
A70: JOG-1079 | B70: Marketing | C70: Marketing Coordinator | D70: employees.1079@jogate.com | E70: Male | F70: 44015 | H70: 541 | I70: JOG-1094 | J70: 5 | K70: Active
A71: JOG-1047 | B71: Marketing | C71: Digital Marketer | D71: employees.1047@jogate.com | E71: Male | F71: 44043 | H71: 1791 | I71: JOG-1174 | J71: 2 | K71: Active
A72: JOG-1149 | B72: Human Resources | C72: Hr Coordinator | D72: employees.1149@jogate.com | E72: Male | F72: 44049 | H72: 1245 | I72: JOG-1082 | J72: 4 | K72: Active
A73: JOG-1162 | B73: Logistics | C73: Warehouse Associate | D73: employees.1162@jogate.com | E73: Male | F73: 44075 | H73: 1392 | I73: JOG-1104 | J73: 5 | K73: Active
A74: JOG-1009 | B74: Production | C74: Line Supervisor | D74: employees.1009@jogate.com | E74: Female | F74: 44081 | H74: 723 | I74: JOG-1074 | J74: 3 | K74: Active
A75: JOG-1170 | B75: Sales | C75: Sales Associate | D75: employees.1170@jogate.com | E75: Null | F75: 44139 | H75: 1483 | I75: JOG-1120 | J75: 4 | K75: Active
A76: JOG-1165 | B76: Sales | C76: Account Manager | D76: employees.1165@jogate.com | E76: Female | F76: 44149 | H76: 666 | J76: 4 | K76: Active
A77: JOG-1005 | B77: Human Resources | C77: Hr Generalist | D77: =_xlfn.CONCAT("employees.", RIGHT('Average salary'!$A6, 4), "@jogate.com") -> employees.1122@jogate.com | E77: Null | F77: 44155 | G77: 45318 | H77: 1704 | I77: JOG-1043 | J77: 5 | K77: Terminated
A78: JOG-1011 | B78: Logistics | C78: Warehouse Associate | D78: employees.1011@jogate.com | E78: Null | F78: 44180 | G78: 46048 | H78: 2011 | I78: JOG-1019 | J78: 2 | K78: Terminated
A79: JOG-1193 | B79: Logistics | C79: Logistics Coordinator | D79: employees.1193@jogate.com | E79: Female | F79: 44190 | H79: 1279 | I79: JOG-1136 | J79: 5 | K79: Active
A80: JOG-1077 | B80: Logistics | C80: Warehouse Associate | D80: =_xlfn.CONCAT("employees.", RIGHT('Average salary'!$A78, 4), "@jogate.com") -> employees.1011@jogate.com | E80: Female | F80: 44197 | H80: 1664 | I80: JOG-1174 | J80: 5 | K80: Active
A81: JOG-1062 | B81: Finance | C81: Controller | D81: employees.1062@jogate.com | E81: Null | F81: 44238 | H81: 1832 | I81: JOG-1050 | J81: 4 | K81: Active
A82: JOG-1153 | B82: Finance | C82: Financial Analyst | D82: employees.1153@jogate.com | E82: Male | F82: 44253 | H82: 1396 | I82: JOG-1088 | J82: 3 | K82: Active
A83: JOG-1160 | B83: Production | C83: Operations Manager | D83: employees.1160@jogate.com | E83: Male | F83: 44260 | H83: 2010 | J83: 3 | K83: Active
A84: JOG-1109 | B84: Finance | C84: Controller | D84: =_xlfn.CONCAT("employees.", RIGHT('Average salary'!$A110, 4), "@jogate.com") -> employees.1045@jogate.com | E84: Null | F84: 44263 | H84: 717 | I84: JOG-1135 | J84: 3 | K84: Active
A85: JOG-1083 | B85: Human Resources | C85: Hr Generalist | D85: employees.1083@jogate.com | E85: Female | F85: 44274 | G85: 44594 | H85: 1065 | I85: JOG-1171 | J85: 4 | K85: Terminated
A86: JOG-1154 | B86: Quality Control | C86: Qc Inspector | D86: employees.1154@jogate.com | E86: Null | F86: 44275 | H86: 434 | I86: JOG-1097 | J86: 4 | K86: Active
A87: JOG-1016 | B87: Human Resources | C87: Hr Generalist | D87: =_xlfn.CONCAT("employees.", RIGHT('Average salary'!$A17, 4), "@jogate.com") -> employees.1107@jogate.com | E87: Male | F87: 44282 | H87: 795 | I87: JOG-1043 | J87: 3 | K87: Active
A88: JOG-1041 | B88: Marketing | C88: Marketing Coordinator | D88: employees.1041@jogate.com | E88: Null | F88: 44285 | H88: 887 | I88: JOG-1148 | J88: 4 | K88: Active
A89: JOG-1114 | B89: IT Support | C89: It Manager | D89: employees.1114@jogate.com | E89: Male | F89: 44289 | H89: 1552 | J89: 3 | K89: Active
A90: JOG-1141 | B90: Production | C90: Production Worker | D90: employees.1141@jogate.com | E90: Male | F90: 44323 | H90: 1556 | I90: JOG-1044 | J90: 2 | K90: Active
A91: JOG-1142 | B91: Marketing | C91: Digital Marketer | D91: employees.1142@jogate.com | E91: Male | F91: 44327 | H91: 432 | I91: JOG-1052 | J91: 5 | K91: Active
A92: JOG-1176 | B92: Sales | C92: Account Manager | D92: employees.1176@jogate.com | E92: Female | F92: 44335 | G92: 44736 | H92: 602 | J92: 5 | K92: Terminated
A93: JOG-1177 | B93: Production | C93: Production Worker | D93: employees.1177@jogate.com | E93: Female | F93: 44337 | H93: 800 | I93: JOG-1108 | J93: 3 | K93: Active
A94: JOG-1068 | B94: Sales | C94: Regional Sales Manager | D94: employees.1068@jogate.com | E94: Null | F94: 44339 | H94: 976 | J94: 5 | K94: Active
A95: JOG-1196 | B95: Production | C95: Production Worker | D95: employees.1196@jogate.com | E95: Null | F95: 44359 | H95: 1709 | I95: JOG-1044 | J95: 5 | K95: Active
A96: JOG-1148 | B96: Sales | C96: Regional Sales Manager | D96: employees.1148@jogate.com | E96: Female | F96: 44388 | H96: 639 | J96: 5 | K96: Active
A97: JOG-1067 | B97: Sales | C97: Sales Associate | D97: employees.1067@jogate.com | E97: Female | F97: 44395 | H97: 1319 | I97: JOG-1187 | J97: 2 | K97: Active
A98: JOG-1111 | B98: Logistics | C98: Logistics Coordinator | D98: =_xlfn.CONCAT("employees.", RIGHT('Average salary'!$A112, 4), "@jogate.com") -> employees.1023@jogate.com | E98: Female | F98: 44437 | H98: 1222 | I98: JOG-1074 | J98: 2 | K98: Active
A99: JOG-1171 | B99: Sales | C99: Account Manager | D99: employees.1171@jogate.com | E99: Male | F99: 44444 | H99: 323 | J99: 5 | K99: Active
A100: JOG-1139 | B100: IT Support | C100: Help Desk Specialist | D100: employees.1139@jogate.com | E100: Male | F100: 44447 | H100: 1186 | I100: JOG-1103 | J100: 5 | K100: Active
...

Sheet Turnover by department
A1: EmployeeID | B1: Department | C1: JobTitle | D1: Email | E1: Gender | F1: HireDate | G1: TerminationDate | H1: Salary | I1: ManagerID | J1: PerformanceRating | K1: Status | L1: Column12
A2: JOG-1159 | B2: Research & Development | C2: Scientist | D2: employees.1159@jogate.com | E2: Null | F2: 43120 | H2: 403 | I2: JOG-1048 | J2: 2 | K2: Active | N2: HR Analysis Project Questions and Answers
A3: JOG-1033 | B3: IT Support | C3: Help Desk Specialist | D3: employees.1033@jogate.com | E3: Female | F3: 43130 | H3: 1785 | I3: JOG-1107 | J3: 4 | K3: Active
A4: JOG-1163 | B4: Logistics | C4: Logistics Coordinator | D4: employees.1163@jogate.com | E4: Female | F4: 43138 | G4: 44980 | H4: 551 | I4: JOG-1164 | J4: 3 | K4: Terminated
A5: JOG-1014 | B5: Finance | C5: Controller | D5: employees.1014@jogate.com | E5: Female | F5: 43162 | H5: 1150 | I5: JOG-1164 | J5: 2 | K5: Active
A6: JOG-1122 | B6: Quality Control | C6: Qc Inspector | D6: employees.1122@jogate.com | E6: Null | F6: 43171 | H6: 1528 | I6: JOG-1044 | J6: 5 | K6: Active | N6: What is the average salary? | O6: The employees average salary is: | P6: =AVERAGE(H2:H201) -> 1201.815
A7: JOG-1095 | B7: Marketing | C7: Marketing Manager | D7: employees.1095@jogate.com | E7: Female | F7: 43184 | G7: 44764 | H7: 1696 | J7: 5 | K7: Terminated
A8: JOG-1131 | B8: Human Resources | C8: Hr Coordinator | D8: employees.1131@jogate.com | E8: Female | F8: 43189 | H8: 338 | I8: JOG-1174 | J8: 3 | K8: Active
A9: JOG-1052 | B9: Research & Development | C9: Research Lead | D9: employees.1052@jogate.com | E9: Female | F9: 43200 | H9: 318 | I9: JOG-1136 | J9: 2 | K9: Active
A10: JOG-1182 | B10: Sales | C10: Regional Sales Manager | D10: employees.1182@jogate.com | E10: Female | F10: 43205 | H10: 1646 | J10: 2 | K10: Active
A11: JOG-1172 | B11: Production | C11: Operations Manager | D11: employees.1172@jogate.com | E11: Male | F11: 43229 | H11: 1440 | J11: 3 | K11: Active
A12: JOG-1192 | B12: Quality Control | C12: Qc Manager | D12: employees.1192@jogate.com | E12: Null | F12: 43229 | G12: 44618 | H12: 2082 | J12: 2 | K12: Terminated
A13: JOG-1130 | B13: Human Resources | C13: Hr Generalist | D13: employees.1130@jogate.com | E13: Null | F13: 43244 | H13: 1088 | I13: JOG-1064 | J13: 3 | K13: Active
A14: JOG-1155 | B14: Human Resources | C14: Recruiter | D14: employees.1155@jogate.com | E14: Null | F14: 43263 | H14: 1236 | I14: JOG-1198 | J14: 5 | K14: Active | N14: Status | O14: Terminated
A15: JOG-1084 | B15: Logistics | C15: Warehouse Associate | D15: employees.1084@jogate.com | E15: Male | F15: 43280 | H15: 1554 | I15: JOG-1120 | J15: 4 | K15: Active
A16: JOG-1144 | B16: Production | C16: Operations Manager | D16: employees.1144@jogate.com | E16: Male | F16: 43289 | H16: 814 | J16: 5 | K16: Active | N16: Row Labels | O16: Count of EmployeeID
A17: JOG-1107 | B17: Quality Control | C17: Qc Manager | D17: =_xlfn.CONCAT("employees.", RIGHT('Turnover by department'!$A108, 4), "@jogate.com") -> employees.1022@jogate.com | E17: Male | F17: 43292 | G17: 44267 | H17: 1594 | J17: 2 | K17: Terminated | N17: Logistics | O17: 6
A18: JOG-1123 | B18: Research & Development | C18: Scientist | D18: employees.1123@jogate.com | E18: Female | F18: 43308 | H18: 1591 | I18: JOG-1044 | J18: 5 | K18: Active | N18: Human Resources | O18: 6
A19: JOG-1156 | B19: Finance | C19: Accountant | D19: employees.1156@jogate.com | E19: Null | F19: 43323 | H19: 1899 | I19: JOG-1050 | J19: 2 | K19: Active | N19: Production | O19: 5
A20: JOG-1174 | B20: Quality Control | C20: Qc Manager | D20: employees.1174@jogate.com | E20: Null | F20: 43336 | H20: 1529 | J20: 3 | K20: Active | N20: Quality Control | O20: 5
A21: JOG-1073 | B21: Production | C21: Line Supervisor | D21: employees.1073@jogate.com | E21: Female | F21: 43337 | G21: 44278 | H21: 1593 | I21: JOG-1050 | J21: 3 | K21: Terminated | N21: Marketing | O21: 4
A22: JOG-1135 | B22: Quality Control | C22: Qc Manager | D22: employees.1135@jogate.com | E22: Male | F22: 43345 | H22: 1820 | J22: 4 | K22: Active | N22: Research & Development | O22: 3
A23: JOG-1043 | B23: Research & Development | C23: Research Lead | D23: employees.1043@jogate.com | E23: Female | F23: 43349 | G23: 45081 | H23: 1802 | I23: JOG-1107 | J23: 5 | K23: Terminated | N23: Sales | O23: 3
A24: JOG-1117 | B24: Finance | C24: Controller | D24: employees.1117@jogate.com | E24: Null | F24: 43349 | H24: 1009 | I24: JOG-1060 | J24: 2 | K24: Active | N24: Finance | O24: 3
A25: JOG-1024 | B25: IT Support | C25: Help Desk Specialist | D25: =_xlfn.CONCAT("employees.", RIGHT('Turnover by department'!$A25, 4), "@jogate.com") -> employees.1024@jogate.com | E25: Female | F25: 43353 | H25: 761 | I25: JOG-1120 | J25: 4 | K25: Active | N25: IT Support | O25: 1
A26: JOG-1145 | B26: Sales | C26: Sales Associate | D26: employees.1145@jogate.com | E26: Male | F26: 43404 | H26: 994 | I26: JOG-1006 | J26: 5 | K26: Active | N26: Grand Total | O26: 36
A27: JOG-1092 | B27: Production | C27: Production Worker | D27: employees.1092@jogate.com | E27: Null | F27: 43414 | H27: 466 | I27: JOG-1060 | J27: 5 | K27: Active
A28: JOG-1020 | B28: Finance | C28: Financial Analyst | D28: =_xlfn.CONCAT("employees.", RIGHT('Turnover by department'!$A21, 4), "@jogate.com") -> employees.1073@jogate.com | E28: Male | F28: 43455 | G28: 44930 | H28: 1814 | I28: JOG-1064 | J28: 2 | K28: Terminated
A29: JOG-1031 | B29: Finance | C29: Accountant | D29: employees.1031@jogate.com | E29: Null | F29: 43456 | H29: 454 | I29: JOG-1144 | J29: 4 | K29: Active
A30: JOG-1136 | B30: Marketing | C30: Marketing Manager | D30: employees.1136@jogate.com | E30: Female | F30: 43472 | H30: 1933 | J30: 4 | K30: Active
A31: JOG-1152 | B31: Research & Development | C31: Lab Technician | D31: employees.1152@jogate.com | E31: Null | F31: 43474 | H31: 946 | I31: JOG-1192 | J31: 4 | K31: Active
A32: JOG-1058 | B32: IT Support | C32: Help Desk Specialist | D32: =_xlfn.CONCAT("employees.", RIGHT('Turnover by department'!$A59, 4), "@jogate.com") -> employees.1028@jogate.com | E32: Null | F32: 43504 | H32: 2088 | I32: JOG-1044 | J32: 4 | K32: Active
A33: JOG-1048 | B33: Research & Development | C33: Research Lead | D33: employees.1048@jogate.com | E33: Null | F33: 43519 | H33: 1258 | I33: JOG-1030 | J33: 5 | K33: Active
A34: JOG-1030 | B34: Marketing | C34: Marketing Manager | D34: employees.1030@jogate.com | E34: Male | F34: 43530 | H34: 953 | J34: 5 | K34: Active
A35: JOG-1054 | B35: Logistics | C35: Warehouse Associate | D35: =_xlfn.CONCAT("employees.", RIGHT('Turnover by department'!$A55, 4), "@jogate.com") -> employees.1066@jogate.com | E35: Null | F35: 43531 | H35: 1632 | I35: JOG-1095 | J35: 3 | K35: Active
A36: JOG-1093 | B36: Human Resources | C36: Hr Generalist | D36: employees.1093@jogate.com | E36: Male | F36: 43534 | G36: 44606 | H36: 1750 | I36: JOG-1095 | J36: 4 | K36: Terminated
A37: JOG-1134 | B37: Logistics | C37: Logistics Coordinator | D37: employees.1134@jogate.com | E37: Male | F37: 43545 | H37: 1986 | I37: JOG-1165 | J37: 5 | K37: Active
A38: JOG-1147 | B38: Quality Control | C38: Qc Inspector | D38: employees.1147@jogate.com | E38: Male | F38: 43553 | H38: 1250 | I38: JOG-1094 | J38: 2 | K38: Active
A39: JOG-1099 | B39: Production | C39: Operations Manager | D39: employees.1099@jogate.com | E39: Male | F39: 43560 | H39: 1039 | J39: 3 | K39: Active
A40: JOG-1140 | B40: Production | C40: Operations Manager | D40: employees.1140@jogate.com | E40: Null | F40: 43560 | H40: 448 | J40: 4 | K40: Active
A41: JOG-1116 | B41: Finance | C41: Financial Analyst | D41: employees.1116@jogate.com | E41: Male | F41: 43566 | H41: 463 | I41: JOG-1043 | J41: 3 | K41: Active
A42: JOG-1138 | B42: Quality Control | C42: Qc Inspector | D42: employees.1138@jogate.com | E42: Null | F42: 43579 | H42: 802 | I42: JOG-1040 | J42: 2 | K42: Active
A43: JOG-1186 | B43: Production | C43: Line Supervisor | D43: employees.1186@jogate.com | E43: Female | F43: 43594 | H43: 1461 | I43: JOG-1008 | J43: 3 | K43: Active
A44: JOG-1169 | B44: Logistics | C44: Warehouse Associate | D44: employees.1169@jogate.com | E44: Male | F44: 43601 | H44: 1953 | I44: JOG-1091 | J44: 3 | K44: Active
A45: JOG-1038 | B45: Quality Control | C45: Qc Manager | D45: =_xlfn.CONCAT("employees.", RIGHT('Turnover by department'!$A39, 4), "@jogate.com") -> employees.1099@jogate.com | E45: Female | F45: 43620 | H45: 1755 | J45: 5 | K45: Active
A46: JOG-1101 | B46: Marketing | C46: Digital Marketer | D46: =_xlfn.CONCAT("employees.", RIGHT('Turnover by department'!$A102, 4), "@jogate.com") -> employees.1074@jogate.com | E46: Null | F46: 43633 | H46: 348 | I46: JOG-1144 | J46: 3 | K46: Active
A47: JOG-1126 | B47: Marketing | C47: Marketing Coordinator | D47: employees.1126@jogate.com | E47: Null | F47: 43663 | H47: 779 | I47: JOG-1019 | J47: 2 | K47: Active
A48: JOG-1113 | B48: Production | C48: Production Worker | D48: =_xlfn.CONCAT("employees.", RIGHT('Turnover by department'!$A114, 4), "@jogate.com") -> employees.1168@jogate.com | E48: Male | F48: 43664 | H48: 620 | I48: JOG-1174 | J48: 5 | K48: Active
A49: JOG-1167 | B49: Human Resources | C49: Hr Coordinator | D49: employees.1167@jogate.com | E49: Male | F49: 43667 | H49: 1900 | I49: JOG-1052 | J49: 5 | K49: Active
A50: JOG-1166 | B50: Sales | C50: Sales Associate | D50: employees.1166@jogate.com | E50: Null | F50: 43734 | H50: 2049 | I50: JOG-1173 | J50: 5 | K50: Active
A51: JOG-1173 | B51: Quality Control | C51: Qc Manager | D51: employees.1173@jogate.com | E51: Female | F51: 43744 | H51: 1885 | J51: 4 | K51: Active
A52: JOG-1137 | B52: Marketing | C52: Digital Marketer | D52: employees.1137@jogate.com | E52: Null | F52: 43754 | G52: 45258 | H52: 1769 | I52: JOG-1187 | J52: 5 | K52: Terminated
A53: JOG-1039 | B53: Finance | C53: Accountant | D53: employees.1039@jogate.com | E53: Null | F53: 43779 | H53: 1859 | I53: JOG-1088 | J53: 3 | K53: Active
A54: JOG-1199 | B54: Logistics | C54: Warehouse Associate | D54: employees.1199@jogate.com | E54: Null | F54: 43787 | H54: 1163 | I54: JOG-1140 | J54: 2 | K54: Active
A55: JOG-1066 | B55: Finance | C55: Financial Analyst | D55: employees.1066@jogate.com | E55: Null | F55: 43817 | G55: 44765 | H55: 1573 | I55: JOG-1048 | J55: 3 | K55: Terminated
A56: JOG-1088 | B56: Production | C56: Operations Manager | D56: employees.1088@jogate.com | E56: Female | F56: 43833 | G56: 44836 | H56: 425 | J56: 4 | K56: Terminated
A57: JOG-1158 | B57: IT Support | C57: It Technician | D57: employees.1158@jogate.com | E57: Null | F57: 43839 | H57: 544 | I57: JOG-1103 | J57: 4 | K57: Active
A58: JOG-1178 | B58: Quality Control | C58: Qc Manager | D58: employees.1178@jogate.com | E58: Null | F58: 43841 | H58: 1476 | J58: 4 | K58: Active
A59: JOG-1028 | B59: Logistics | C59: Logistics Coordinator | D59: =_xlfn.CONCAT("employees.", RIGHT('Turnover by department'!$A29, 4), "@jogate.com") -> employees.1031@jogate.com | E59: Male | F59: 43890 | H59: 637 | I59: JOG-1082 | J59: 2 | K59: Active
A60: JOG-1112 | B60: Production | C60: Line Supervisor | D60: =_xlfn.CONCAT("employees.", RIGHT('Turnover by department'!$A113, 4), "@jogate.com") -> employees.1003@jogate.com | E60: Null | F60: 43895 | H60: 923 | I60: JOG-1136 | J60: 3 | K60: Active
A61: JOG-1089 | B61: Logistics | C61: Warehouse Associate | D61: employees.1089@jogate.com | E61: Null | F61: 43899 | G61: 44681 | H61: 1591 | I61: JOG-1164 | J61: 5 | K61: Terminated
A62: JOG-1017 | B62: Quality Control | C62: Qc Inspector | D62: =_xlfn.CONCAT("employees.", RIGHT('Turnover by department'!$A18, 4), "@jogate.com") -> employees.1123@jogate.com | E62: Male | F62: 43911 | H62: 2045 | I62: JOG-1008 | J62: 4 | K62: Active
A63: JOG-1046 | B63: Human Resources | C63: Hr Generalist | D63: employees.1046@jogate.com | E63: Null | F63: 43925 | H63: 530 | I63: JOG-1043 | J63: 5 | K63: Active
A64: JOG-1189 | B64: Production | C64: Line Supervisor | D64: employees.1189@jogate.com | E64: Female | F64: 43934 | G64: 44550 | H64: 1204 | I64: JOG-1030 | J64: 4 | K64: Terminated
A65: JOG-1007 | B65: IT Support | C65: It Manager | D65: =_xlfn.CONCAT("employees.", RIGHT('Turnover by department'!$A8, 4), "@jogate.com") -> employees.1131@jogate.com | E65: Null | F65: 43935 | H65: 861 | J65: 4 | K65: Active
A66: JOG-1078 | B66: Logistics | C66: Warehouse Associate | D66: =_xlfn.CONCAT("employees.", RIGHT('Turnover by department'!$A79, 4), "@jogate.com") -> employees.1193@jogate.com | E66: Male | F66: 43935 | H66: 563 | I66: JOG-1008 | J66: 3 | K66: Active
A67: JOG-1082 | B67: Quality Control | C67: Qc Manager | D67: employees.1082@jogate.com | E67: Null | F67: 43944 | H67: 1563 | J67: 3 | K67: Active
A68: JOG-1150 | B68: Sales | C68: Regional Sales Manager | D68: employees.1150@jogate.com | E68: Null | F68: 43963 | H68: 1928 | J68: 2 | K68: Active
A69: JOG-1164 | B69: Research & Development | C69: Research Lead | D69: employees.1164@jogate.com | E69: Null | F69: 43969 | G69: 45558 | H69: 697 | I69: JOG-1007 | J69: 4 | K69: Terminated
A70: JOG-1079 | B70: Marketing | C70: Marketing Coordinator | D70: employees.1079@jogate.com | E70: Male | F70: 44015 | H70: 541 | I70: JOG-1094 | J70: 5 | K70: Active
A71: JOG-1047 | B71: Marketing | C71: Digital Marketer | D71: employees.1047@jogate.com | E71: Male | F71: 44043 | H71: 1791 | I71: JOG-1174 | J71: 2 | K71: Active
A72: JOG-1149 | B72: Human Resources | C72: Hr Coordinator | D72: employees.1149@jogate.com | E72: Male | F72: 44049 | H72: 1245 | I72: JOG-1082 | J72: 4 | K72: Active
A73: JOG-1162 | B73: Logistics | C73: Warehouse Associate | D73: employees.1162@jogate.com | E73: Male | F73: 44075 | H73: 1392 | I73: JOG-1104 | J73: 5 | K73: Active
A74: JOG-1009 | B74: Production | C74: Line Supervisor | D74: employees.1009@jogate.com | E74: Female | F74: 44081 | H74: 723 | I74: JOG-1074 | J74: 3 | K74: Active
A75: JOG-1170 | B75: Sales | C75: Sales Associate | D75: employees.1170@jogate.com | E75: Null | F75: 44139 | H75: 1483 | I75: JOG-1120 | J75: 4 | K75: Active
A76: JOG-1165 | B76: Sales | C76: Account Manager | D76: employees.1165@jogate.com | E76: Female | F76: 44149 | H76: 666 | J76: 4 | K76: Active
A77: JOG-1005 | B77: Human Resources | C77: Hr Generalist | D77: =_xlfn.CONCAT("employees.", RIGHT('Turnover by department'!$A6, 4), "@jogate.com") -> employees.1122@jogate.com | E77: Null | F77: 44155 | G77: 45318 | H77: 1704 | I77: JOG-1043 | J77: 5 | K77: Terminated
A78: JOG-1011 | B78: Logistics | C78: Warehouse Associate | D78: employees.1011@jogate.com | E78: Null | F78: 44180 | G78: 46048 | H78: 2011 | I78: JOG-1019 | J78: 2 | K78: Terminated
A79: JOG-1193 | B79: Logistics | C79: Logistics Coordinator | D79: employees.1193@jogate.com | E79: Female | F79: 44190 | H79: 1279 | I79: JOG-1136 | J79: 5 | K79: Active
A80: JOG-1077 | B80: Logistics | C80: Warehouse Associate | D80: =_xlfn.CONCAT("employees.", RIGHT('Turnover by department'!$A78, 4), "@jogate.com") -> employees.1011@jogate.com | E80: Female | F80: 44197 | H80: 1664 | I80: JOG-1174 | J80: 5 | K80: Active
A81: JOG-1062 | B81: Finance | C81: Controller | D81: employees.1062@jogate.com | E81: Null | F81: 44238 | H81: 1832 | I81: JOG-1050 | J81: 4 | K81: Active
A82: JOG-1153 | B82: Finance | C82: Financial Analyst | D82: employees.1153@jogate.com | E82: Male | F82: 44253 | H82: 1396 | I82: JOG-1088 | J82: 3 | K82: Active
A83: JOG-1160 | B83: Production | C83: Operations Manager | D83: employees.1160@jogate.com | E83: Male | F83: 44260 | H83: 2010 | J83: 3 | K83: Active
A84: JOG-1109 | B84: Finance | C84: Controller | D84: =_xlfn.CONCAT("employees.", RIGHT('Turnover by department'!$A110, 4), "@jogate.com") -> employees.1045@jogate.com | E84: Null | F84: 44263 | H84: 717 | I84: JOG-1135 | J84: 3 | K84: Active
A85: JOG-1083 | B85: Human Resources | C85: Hr Generalist | D85: employees.1083@jogate.com | E85: Female | F85: 44274 | G85: 44594 | H85: 1065 | I85: JOG-1171 | J85: 4 | K85: Terminated
A86: JOG-1154 | B86: Quality Control | C86: Qc Inspector | D86: employees.1154@jogate.com | E86: Null | F86: 44275 | H86: 434 | I86: JOG-1097 | J86: 4 | K86: Active
A87: JOG-1016 | B87: Human Resources | C87: Hr Generalist | D87: =_xlfn.CONCAT("employees.", RIGHT('Turnover by department'!$A17, 4), "@jogate.com") -> employees.1107@jogate.com | E87: Male | F87: 44282 | H87: 795 | I87: JOG-1043 | J87: 3 | K87: Active
A88: JOG-1041 | B88: Marketing | C88: Marketing Coordinator | D88: employees.1041@jogate.com | E88: Null | F88: 44285 | H88: 887 | I88: JOG-1148 | J88: 4 | K88: Active
A89: JOG-1114 | B89: IT Support | C89: It Manager | D89: employees.1114@jogate.com | E89: Male | F89: 44289 | H89: 1552 | J89: 3 | K89: Active
A90: JOG-1141 | B90: Production | C90: Production Worker | D90: employees.1141@jogate.com | E90: Male | F90: 44323 | H90: 1556 | I90: JOG-1044 | J90: 2 | K90: Active
A91: JOG-1142 | B91: Marketing | C91: Digital Marketer | D91: employees.1142@jogate.com | E91: Male | F91: 44327 | H91: 432 | I91: JOG-1052 | J91: 5 | K91: Active
A92: JOG-1176 | B92: Sales | C92: Account Manager | D92: employees.1176@jogate.com | E92: Female | F92: 44335 | G92: 44736 | H92: 602 | J92: 5 | K92: Terminated
A93: JOG-1177 | B93: Production | C93: Production Worker | D93: employees.1177@jogate.com | E93: Female | F93: 44337 | H93: 800 | I93: JOG-1108 | J93: 3 | K93: Active
A94: JOG-1068 | B94: Sales | C94: Regional Sales Manager | D94: employees.1068@jogate.com | E94: Null | F94: 44339 | H94: 976 | J94: 5 | K94: Active
A95: JOG-1196 | B95: Production | C95: Production Worker | D95: employees.1196@jogate.com | E95: Null | F95: 44359 | H95: 1709 | I95: JOG-1044 | J95: 5 | K95: Active
A96: JOG-1148 | B96: Sales | C96: Regional Sales Manager | D96: employees.1148@jogate.com | E96: Female | F96: 44388 | H96: 639 | J96: 5 | K96: Active
A97: JOG-1067 | B97: Sales | C97: Sales Associate | D97: employees.1067@jogate.com | E97: Female | F97: 44395 | H97: 1319 | I97: JOG-1187 | J97: 2 | K97: Active
A98: JOG-1111 | B98: Logistics | C98: Logistics Coordinator | D98: =_xlfn.CONCAT("employees.", RIGHT('Turnover by department'!$A112, 4), "@jogate.com") -> employees.1023@jogate.com | E98: Female | F98: 44437 | H98: 1222 | I98: JOG-1074 | J98: 2 | K98: Active
A99: JOG-1171 | B99: Sales | C99: Account Manager | D99: employees.1171@jogate.com | E99: Male | F99: 44444 | H99: 323 | J99: 5 | K99: Active
A100: JOG-1139 | B100: IT Support | C100: Help Desk Specialist | D100: employees.1139@jogate.com | E100: Male | F100: 44447 | H100: 1186 | I100: JOG-1103 | J100: 5 | K100: Active
...

Sheet Terminated by gender
A1: EmployeeID | B1: Department | C1: JobTitle | D1: Email | E1: Gender | F1: HireDate | G1: TerminationDate | H1: Salary | I1: ManagerID | J1: PerformanceRating | K1: Status | L1: Column12
A2: JOG-1159 | B2: Research & Development | C2: Scientist | D2: employees.1159@jogate.com | E2: Null | F2: 43120 | H2: 403 | I2: JOG-1048 | J2: 2 | K2: Active | N2: HR Analysis Project Questions and Answers
A3: JOG-1033 | B3: IT Support | C3: Help Desk Specialist | D3: employees.1033@jogate.com | E3: Female | F3: 43130 | H3: 1785 | I3: JOG-1107 | J3: 4 | K3: Active
A4: JOG-1163 | B4: Logistics | C4: Logistics Coordinator | D4: employees.1163@jogate.com | E4: Female | F4: 43138 | G4: 44980 | H4: 551 | I4: JOG-1164 | J4: 3 | K4: Terminated
A5: JOG-1014 | B5: Finance | C5: Controller | D5: employees.1014@jogate.com | E5: Female | F5: 43162 | H5: 1150 | I5: JOG-1164 | J5: 2 | K5: Active
A6: JOG-1122 | B6: Quality Control | C6: Qc Inspector | D6: employees.1122@jogate.com | E6: Null | F6: 43171 | H6: 1528 | I6: JOG-1044 | J6: 5 | K6: Active | N6: What is the average salary? | O6: The employees average salary is: | P6: =AVERAGE(H2:H201) -> 1201.815
A7: JOG-1095 | B7: Marketing | C7: Marketing Manager | D7: employees.1095@jogate.com | E7: Female | F7: 43184 | G7: 44764 | H7: 1696 | J7: 5 | K7: Terminated
A8: JOG-1131 | B8: Human Resources | C8: Hr Coordinator | D8: employees.1131@jogate.com | E8: Female | F8: 43189 | H8: 338 | I8: JOG-1174 | J8: 3 | K8: Active
A9: JOG-1052 | B9: Research & Development | C9: Research Lead | D9: employees.1052@jogate.com | E9: Female | F9: 43200 | H9: 318 | I9: JOG-1136 | J9: 2 | K9: Active
A10: JOG-1182 | B10: Sales | C10: Regional Sales Manager | D10: employees.1182@jogate.com | E10: Female | F10: 43205 | H10: 1646 | J10: 2 | K10: Active
A11: JOG-1172 | B11: Production | C11: Operations Manager | D11: employees.1172@jogate.com | E11: Male | F11: 43229 | H11: 1440 | J11: 3 | K11: Active
A12: JOG-1192 | B12: Quality Control | C12: Qc Manager | D12: employees.1192@jogate.com | E12: Null | F12: 43229 | G12: 44618 | H12: 2082 | J12: 2 | K12: Terminated
A13: JOG-1130 | B13: Human Resources | C13: Hr Generalist | D13: employees.1130@jogate.com | E13: Null | F13: 43244 | H13: 1088 | I13: JOG-1064 | J13: 3 | K13: Active
A14: JOG-1155 | B14: Human Resources | C14: Recruiter | D14: employees.1155@jogate.com | E14: Null | F14: 43263 | H14: 1236 | I14: JOG-1198 | J14: 5 | K14: Active | N14: Status | O14: Terminated
A15: JOG-1084 | B15: Logistics | C15: Warehouse Associate | D15: employees.1084@jogate.com | E15: Male | F15: 43280 | H15: 1554 | I15: JOG-1120 | J15: 4 | K15: Active
A16: JOG-1144 | B16: Production | C16: Operations Manager | D16: employees.1144@jogate.com | E16: Male | F16: 43289 | H16: 814 | J16: 5 | K16: Active | N16: Count of EmployeeID | O16: Column Labels
A17: JOG-1107 | B17: Quality Control | C17: Qc Manager | D17: =_xlfn.CONCAT("employees.", RIGHT('Terminated by gender'!$A108, 4), "@jogate.com") -> employees.1022@jogate.com | E17: Male | F17: 43292 | G17: 44267 | H17: 1594 | J17: 2 | K17: Terminated | N17: Row Labels | O17: Female | P17: Male | Q17: Grand Total
A18: JOG-1123 | B18: Research & Development | C18: Scientist | D18: employees.1123@jogate.com | E18: Female | F18: 43308 | H18: 1591 | I18: JOG-1044 | J18: 5 | K18: Active | N18: Finance | P18: 1 | Q18: 1
A19: JOG-1156 | B19: Finance | C19: Accountant | D19: employees.1156@jogate.com | E19: Null | F19: 43323 | H19: 1899 | I19: JOG-1050 | J19: 2 | K19: Active | N19: Human Resources | O19: 2 | P19: 1 | Q19: 3
A20: JOG-1174 | B20: Quality Control | C20: Qc Manager | D20: employees.1174@jogate.com | E20: Null | F20: 43336 | H20: 1529 | J20: 3 | K20: Active | N20: IT Support | O20: 1 | Q20: 1
A21: JOG-1073 | B21: Production | C21: Line Supervisor | D21: employees.1073@jogate.com | E21: Female | F21: 43337 | G21: 44278 | H21: 1593 | I21: JOG-1050 | J21: 3 | K21: Terminated | N21: Logistics | O21: 2 | P21: 1 | Q21: 3
A22: JOG-1135 | B22: Quality Control | C22: Qc Manager | D22: employees.1135@jogate.com | E22: Male | F22: 43345 | H22: 1820 | J22: 4 | K22: Active | N22: Marketing | O22: 1 | P22: 1 | Q22: 2
A23: JOG-1043 | B23: Research & Development | C23: Research Lead | D23: employees.1043@jogate.com | E23: Female | F23: 43349 | G23: 45081 | H23: 1802 | I23: JOG-1107 | J23: 5 | K23: Terminated | N23: Production | O23: 5 | Q23: 5
A24: JOG-1117 | B24: Finance | C24: Controller | D24: employees.1117@jogate.com | E24: Null | F24: 43349 | H24: 1009 | I24: JOG-1060 | J24: 2 | K24: Active | N24: Quality Control | O24: 2 | P24: 1 | Q24: 3
A25: JOG-1024 | B25: IT Support | C25: Help Desk Specialist | D25: =_xlfn.CONCAT("employees.", RIGHT('Terminated by gender'!$A25, 4), "@jogate.com") -> employees.1024@jogate.com | E25: Female | F25: 43353 | H25: 761 | I25: JOG-1120 | J25: 4 | K25: Active | N25: Research & Development | O25: 2 | Q25: 2
A26: JOG-1145 | B26: Sales | C26: Sales Associate | D26: employees.1145@jogate.com | E26: Male | F26: 43404 | H26: 994 | I26: JOG-1006 | J26: 5 | K26: Active | N26: Sales | O26: 2 | Q26: 2
A27: JOG-1092 | B27: Production | C27: Production Worker | D27: employees.1092@jogate.com | E27: Null | F27: 43414 | H27: 466 | I27: JOG-1060 | J27: 5 | K27: Active | N27: Grand Total | O27: 17 | P27: 5 | Q27: 22
A28: JOG-1020 | B28: Finance | C28: Financial Analyst | D28: =_xlfn.CONCAT("employees.", RIGHT('Terminated by gender'!$A21, 4), "@jogate.com") -> employees.1073@jogate.com | E28: Male | F28: 43455 | G28: 44930 | H28: 1814 | I28: JOG-1064 | J28: 2 | K28: Terminated
A29: JOG-1031 | B29: Finance | C29: Accountant | D29: employees.1031@jogate.com | E29: Null | F29: 43456 | H29: 454 | I29: JOG-1144 | J29: 4 | K29: Active
A30: JOG-1136 | B30: Marketing | C30: Marketing Manager | D30: employees.1136@jogate.com | E30: Female | F30: 43472 | H30: 1933 | J30: 4 | K30: Active
A31: JOG-1152 | B31: Research & Development | C31: Lab Technician | D31: employees.1152@jogate.com | E31: Null | F31: 43474 | H31: 946 | I31: JOG-1192 | J31: 4 | K31: Active
A32: JOG-1058 | B32: IT Support | C32: Help Desk Specialist | D32: =_xlfn.CONCAT("employees.", RIGHT('Terminated by gender'!$A59, 4), "@jogate.com") -> employees.1028@jogate.com | E32: Null | F32: 43504 | H32: 2088 | I32: JOG-1044 | J32: 4 | K32: Active
A33: JOG-1048 | B33: Research & Development | C33: Research Lead | D33: employees.1048@jogate.com | E33: Null | F33: 43519 | H33: 1258 | I33: JOG-1030 | J33: 5 | K33: Active
A34: JOG-1030 | B34: Marketing | C34: Marketing Manager | D34: employees.1030@jogate.com | E34: Male | F34: 43530 | H34: 953 | J34: 5 | K34: Active
A35: JOG-1054 | B35: Logistics | C35: Warehouse Associate | D35: =_xlfn.CONCAT("employees.", RIGHT('Terminated by gender'!$A55, 4), "@jogate.com") -> employees.1066@jogate.com | E35: Null | F35: 43531 | H35: 1632 | I35: JOG-1095 | J35: 3 | K35: Active
A36: JOG-1093 | B36: Human Resources | C36: Hr Generalist | D36: employees.1093@jogate.com | E36: Male | F36: 43534 | G36: 44606 | H36: 1750 | I36: JOG-1095 | J36: 4 | K36: Terminated
A37: JOG-1134 | B37: Logistics | C37: Logistics Coordinator | D37: employees.1134@jogate.com | E37: Male | F37: 43545 | H37: 1986 | I37: JOG-1165 | J37: 5 | K37: Active
A38: JOG-1147 | B38: Quality Control | C38: Qc Inspector | D38: employees.1147@jogate.com | E38: Male | F38: 43553 | H38: 1250 | I38: JOG-1094 | J38: 2 | K38: Active
A39: JOG-1099 | B39: Production | C39: Operations Manager | D39: employees.1099@jogate.com | E39: Male | F39: 43560 | H39: 1039 | J39: 3 | K39: Active
A40: JOG-1140 | B40: Production | C40: Operations Manager | D40: employees.1140@jogate.com | E40: Null | F40: 43560 | H40: 448 | J40: 4 | K40: Active
A41: JOG-1116 | B41: Finance | C41: Financial Analyst | D41: employees.1116@jogate.com | E41: Male | F41: 43566 | H41: 463 | I41: JOG-1043 | J41: 3 | K41: Active
A42: JOG-1138 | B42: Quality Control | C42: Qc Inspector | D42: employees.1138@jogate.com | E42: Null | F42: 43579 | H42: 802 | I42: JOG-1040 | J42: 2 | K42: Active
A43: JOG-1186 | B43: Production | C43: Line Supervisor | D43: employees.1186@jogate.com | E43: Female | F43: 43594 | H43: 1461 | I43: JOG-1008 | J43: 3 | K43: Active
A44: JOG-1169 | B44: Logistics | C44: Warehouse Associate | D44: employees.1169@jogate.com | E44: Male | F44: 43601 | H44: 1953 | I44: JOG-1091 | J44: 3 | K44: Active
A45: JOG-1038 | B45: Quality Control | C45: Qc Manager | D45: =_xlfn.CONCAT("employees.", RIGHT('Terminated by gender'!$A39, 4), "@jogate.com") -> employees.1099@jogate.com | E45: Female | F45: 43620 | H45: 1755 | J45: 5 | K45: Active
A46: JOG-1101 | B46: Marketing | C46: Digital Marketer | D46: =_xlfn.CONCAT("employees.", RIGHT('Terminated by gender'!$A102, 4), "@jogate.com") -> employees.1074@jogate.com | E46: Null | F46: 43633 | H46: 348 | I46: JOG-1144 | J46: 3 | K46: Active
A47: JOG-1126 | B47: Marketing | C47: Marketing Coordinator | D47: employees.1126@jogate.com | E47: Null | F47: 43663 | H47: 779 | I47: JOG-1019 | J47: 2 | K47: Active
A48: JOG-1113 | B48: Production | C48: Production Worker | D48: =_xlfn.CONCAT("employees.", RIGHT('Terminated by gender'!$A114, 4), "@jogate.com") -> employees.1168@jogate.com | E48: Male | F48: 43664 | H48: 620 | I48: JOG-1174 | J48: 5 | K48: Active
A49: JOG-1167 | B49: Human Resources | C49: Hr Coordinator | D49: employees.1167@jogate.com | E49: Male | F49: 43667 | H49: 1900 | I49: JOG-1052 | J49: 5 | K49: Active
A50: JOG-1166 | B50: Sales | C50: Sales Associate | D50: employees.1166@jogate.com | E50: Null | F50: 43734 | H50: 2049 | I50: JOG-1173 | J50: 5 | K50: Active
A51: JOG-1173 | B51: Quality Control | C51: Qc Manager | D51: employees.1173@jogate.com | E51: Female | F51: 43744 | H51: 1885 | J51: 4 | K51: Active
A52: JOG-1137 | B52: Marketing | C52: Digital Marketer | D52: employees.1137@jogate.com | E52: Null | F52: 43754 | G52: 45258 | H52: 1769 | I52: JOG-1187 | J52: 5 | K52: Terminated
A53: JOG-1039 | B53: Finance | C53: Accountant | D53: employees.1039@jogate.com | E53: Null | F53: 43779 | H53: 1859 | I53: JOG-1088 | J53: 3 | K53: Active
A54: JOG-1199 | B54: Logistics | C54: Warehouse Associate | D54: employees.1199@jogate.com | E54: Null | F54: 43787 | H54: 1163 | I54: JOG-1140 | J54: 2 | K54: Active
A55: JOG-1066 | B55: Finance | C55: Financial Analyst | D55: employees.1066@jogate.com | E55: Null | F55: 43817 | G55: 44765 | H55: 1573 | I55: JOG-1048 | J55: 3 | K55: Terminated
A56: JOG-1088 | B56: Production | C56: Operations Manager | D56: employees.1088@jogate.com | E56: Female | F56: 43833 | G56: 44836 | H56: 425 | J56: 4 | K56: Terminated
A57: JOG-1158 | B57: IT Support | C57: It Technician | D57: employees.1158@jogate.com | E57: Null | F57: 43839 | H57: 544 | I57: JOG-1103 | J57: 4 | K57: Active
A58: JOG-1178 | B58: Quality Control | C58: Qc Manager | D58: employees.1178@jogate.com | E58: Null | F58: 43841 | H58: 1476 | J58: 4 | K58: Active
A59: JOG-1028 | B59: Logistics | C59: Logistics Coordinator | D59: =_xlfn.CONCAT("employees.", RIGHT('Terminated by gender'!$A29, 4), "@jogate.com") -> employees.1031@jogate.com | E59: Male | F59: 43890 | H59: 637 | I59: JOG-1082 | J59: 2 | K59: Active
A60: JOG-1112 | B60: Production | C60: Line Supervisor | D60: =_xlfn.CONCAT("employees.", RIGHT('Terminated by gender'!$A113, 4), "@jogate.com") -> employees.1003@jogate.com | E60: Null | F60: 43895 | H60: 923 | I60: JOG-1136 | J60: 3 | K60: Active
A61: JOG-1089 | B61: Logistics | C61: Warehouse Associate | D61: employees.1089@jogate.com | E61: Null | F61: 43899 | G61: 44681 | H61: 1591 | I61: JOG-1164 | J61: 5 | K61: Terminated
A62: JOG-1017 | B62: Quality Control | C62: Qc Inspector | D62: =_xlfn.CONCAT("employees.", RIGHT('Terminated by gender'!$A18, 4), "@jogate.com") -> employees.1123@jogate.com | E62: Male | F62: 43911 | H62: 2045 | I62: JOG-1008 | J62: 4 | K62: Active
A63: JOG-1046 | B63: Human Resources | C63: Hr Generalist | D63: employees.1046@jogate.com | E63: Null | F63: 43925 | H63: 530 | I63: JOG-1043 | J63: 5 | K63: Active
A64: JOG-1189 | B64: Production | C64: Line Supervisor | D64: employees.1189@jogate.com | E64: Female | F64: 43934 | G64: 44550 | H64: 1204 | I64: JOG-1030 | J64: 4 | K64: Terminated
A65: JOG-1007 | B65: IT Support | C65: It Manager | D65: =_xlfn.CONCAT("employees.", RIGHT('Terminated by gender'!$A8, 4), "@jogate.com") -> employees.1131@jogate.com | E65: Null | F65: 43935 | H65: 861 | J65: 4 | K65: Active
A66: JOG-1078 | B66: Logistics | C66: Warehouse Associate | D66: =_xlfn.CONCAT("employees.", RIGHT('Terminated by gender'!$A79, 4), "@jogate.com") -> employees.1193@jogate.com | E66: Male | F66: 43935 | H66: 563 | I66: JOG-1008 | J66: 3 | K66: Active
A67: JOG-1082 | B67: Quality Control | C67: Qc Manager | D67: employees.1082@jogate.com | E67: Null | F67: 43944 | H67: 1563 | J67: 3 | K67: Active
A68: JOG-1150 | B68: Sales | C68: Regional Sales Manager | D68: employees.1150@jogate.com | E68: Null | F68: 43963 | H68: 1928 | J68: 2 | K68: Active
A69: JOG-1164 | B69: Research & Development | C69: Research Lead | D69: employees.1164@jogate.com | E69: Null | F69: 43969 | G69: 45558 | H69: 697 | I69: JOG-1007 | J69: 4 | K69: Terminated
A70: JOG-1079 | B70: Marketing | C70: Marketing Coordinator | D70: employees.1079@jogate.com | E70: Male | F70: 44015 | H70: 541 | I70: JOG-1094 | J70: 5 | K70: Active
A71: JOG-1047 | B71: Marketing | C71: Digital Marketer | D71: employees.1047@jogate.com | E71: Male | F71: 44043 | H71: 1791 | I71: JOG-1174 | J71: 2 | K71: Active
A72: JOG-1149 | B72: Human Resources | C72: Hr Coordinator | D72: employees.1149@jogate.com | E72: Male | F72: 44049 | H72: 1245 | I72: JOG-1082 | J72: 4 | K72: Active
A73: JOG-1162 | B73: Logistics | C73: Warehouse Associate | D73: employees.1162@jogate.com | E73: Male | F73: 44075 | H73: 1392 | I73: JOG-1104 | J73: 5 | K73: Active
A74: JOG-1009 | B74: Production | C74: Line Supervisor | D74: employees.1009@jogate.com | E74: Female | F74: 44081 | H74: 723 | I74: JOG-1074 | J74: 3 | K74: Active
A75: JOG-1170 | B75: Sales | C75: Sales Associate | D75: employees.1170@jogate.com | E75: Null | F75: 44139 | H75: 1483 | I75: JOG-1120 | J75: 4 | K75: Active
A76: JOG-1165 | B76: Sales | C76: Account Manager | D76: employees.1165@jogate.com | E76: Female | F76: 44149 | H76: 666 | J76: 4 | K76: Active
A77: JOG-1005 | B77: Human Resources | C77: Hr Generalist | D77: =_xlfn.CONCAT("employees.", RIGHT('Terminated by gender'!$A6, 4), "@jogate.com") -> employees.1122@jogate.com | E77: Null | F77: 44155 | G77: 45318 | H77: 1704 | I77: JOG-1043 | J77: 5 | K77: Terminated
A78: JOG-1011 | B78: Logistics | C78: Warehouse Associate | D78: employees.1011@jogate.com | E78: Null | F78: 44180 | G78: 46048 | H78: 2011 | I78: JOG-1019 | J78: 2 | K78: Terminated
A79: JOG-1193 | B79: Logistics | C79: Logistics Coordinator | D79: employees.1193@jogate.com | E79: Female | F79: 44190 | H79: 1279 | I79: JOG-1136 | J79: 5 | K79: Active
A80: JOG-1077 | B80: Logistics | C80: Warehouse Associate | D80: =_xlfn.CONCAT("employees.", RIGHT('Terminated by gender'!$A78, 4), "@jogate.com") -> employees.1011@jogate.com | E80: Female | F80: 44197 | H80: 1664 | I80: JOG-1174 | J80: 5 | K80: Active
A81: JOG-1062 | B81: Finance | C81: Controller | D81: employees.1062@jogate.com | E81: Null | F81: 44238 | H81: 1832 | I81: JOG-1050 | J81: 4 | K81: Active
A82: JOG-1153 | B82: Finance | C82: Financial Analyst | D82: employees.1153@jogate.com | E82: Male | F82: 44253 | H82: 1396 | I82: JOG-1088 | J82: 3 | K82: Active
A83: JOG-1160 | B83: Production | C83: Operations Manager | D83: employees.1160@jogate.com | E83: Male | F83: 44260 | H83: 2010 | J83: 3 | K83: Active
A84: JOG-1109 | B84: Finance | C84: Controller | D84: =_xlfn.CONCAT("employees.", RIGHT('Terminated by gender'!$A110, 4), "@jogate.com") -> employees.1045@jogate.com | E84: Null | F84: 44263 | H84: 717 | I84: JOG-1135 | J84: 3 | K84: Active
A85: JOG-1083 | B85: Human Resources | C85: Hr Generalist | D85: employees.1083@jogate.com | E85: Female | F85: 44274 | G85: 44594 | H85: 1065 | I85: JOG-1171 | J85: 4 | K85: Terminated
A86: JOG-1154 | B86: Quality Control | C86: Qc Inspector | D86: employees.1154@jogate.com | E86: Null | F86: 44275 | H86: 434 | I86: JOG-1097 | J86: 4 | K86: Active
A87: JOG-1016 | B87: Human Resources | C87: Hr Generalist | D87: =_xlfn.CONCAT("employees.", RIGHT('Terminated by gender'!$A17, 4), "@jogate.com") -> employees.1107@jogate.com | E87: Male | F87: 44282 | H87: 795 | I87: JOG-1043 | J87: 3 | K87: Active
A88: JOG-1041 | B88: Marketing | C88: Marketing Coordinator | D88: employees.1041@jogate.com | E88: Null | F88: 44285 | H88: 887 | I88: JOG-1148 | J88: 4 | K88: Active
A89: JOG-1114 | B89: IT Support | C89: It Manager | D89: employees.1114@jogate.com | E89: Male | F89: 44289 | H89: 1552 | J89: 3 | K89: Active
A90: JOG-1141 | B90: Production | C90: Production Worker | D90: employees.1141@jogate.com | E90: Male | F90: 44323 | H90: 1556 | I90: JOG-1044 | J90: 2 | K90: Active
A91: JOG-1142 | B91: Marketing | C91: Digital Marketer | D91: employees.1142@jogate.com | E91: Male | F91: 44327 | H91: 432 | I91: JOG-1052 | J91: 5 | K91: Active
A92: JOG-1176 | B92: Sales | C92: Account Manager | D92: employees.1176@jogate.com | E92: Female | F92: 44335 | G92: 44736 | H92: 602 | J92: 5 | K92: Terminated
A93: JOG-1177 | B93: Production | C93: Production Worker | D93: employees.1177@jogate.com | E93: Female | F93: 44337 | H93: 800 | I93: JOG-1108 | J93: 3 | K93: Active
A94: JOG-1068 | B94: Sales | C94: Regional Sales Manager | D94: employees.1068@jogate.com | E94: Null | F94: 44339 | H94: 976 | J94: 5 | K94: Active
A95: JOG-1196 | B95: Production | C95: Production Worker | D95: employees.1196@jogate.com | E95: Null | F95: 44359 | H95: 1709 | I95: JOG-1044 | J95: 5 | K95: Active
A96: JOG-1148 | B96: Sales | C96: Regional Sales Manager | D96: employees.1148@jogate.com | E96: Female | F96: 44388 | H96: 639 | J96: 5 | K96: Active
A97: JOG-1067 | B97: Sales | C97: Sales Associate | D97: employees.1067@jogate.com | E97: Female | F97: 44395 | H97: 1319 | I97: JOG-1187 | J97: 2 | K97: Active
A98: JOG-1111 | B98: Logistics | C98: Logistics Coordinator | D98: =_xlfn.CONCAT("employees.", RIGHT('Terminated by gender'!$A112, 4), "@jogate.com") -> employees.1023@jogate.com | E98: Female | F98: 44437 | H98: 1222 | I98: JOG-1074 | J98: 2 | K98: Active
A99: JOG-1171 | B99: Sales | C99: Account Manager | D99: employees.1171@jogate.com | E99: Male | F99: 44444 | H99: 323 | J99: 5 | K99: Active
A100: JOG-1139 | B100: IT Support | C100: Help Desk Specialist | D100: employees.1139@jogate.com | E100: Male | F100: 44447 | H100: 1186 | I100: JOG-1103 | J100: 5 | K100: Active
...
